id,name,model_id:id,group_id:id,perm_read,perm_write,perm_create,perm_unlink
access_nexora_product_category_user,nexora.product.category user,model_nexora_product_category,group_nexora_user,1,0,0,0
access_nexora_product_type_user,nexora.product.type user,model_nexora_product_type,group_nexora_user,1,0,0,0
access_nexora_material_user,nexora.material user,model_nexora_material,group_nexora_user,1,0,0,0
access_nexora_product_user,nexora.product user,model_nexora_product,group_nexora_user,1,0,0,0
access_nexora_printing_type_user,nexora.printing.type user,model_nexora_printing_type,group_nexora_user,1,0,0,0
access_nexora_printing_option_user,nexora.printing.option user,model_nexora_printing_option,group_nexora_user,1,0,0,0
access_nexora_customer_type_user,nexora.customer.type user,model_nexora_customer_type,group_nexora_user,1,0,0,0
access_nexora_customer_user,nexora.customer user,model_nexora_customer,group_nexora_user,1,1,1,0
access_nexora_vendor_category_user,nexora.vendor.category user,model_nexora_vendor_category,group_nexora_user,1,0,0,0
access_nexora_vendor_user,nexora.vendor user,model_nexora_vendor,group_nexora_user,1,0,0,0
access_nexora_sale_order_user,nexora.sale.order user,model_nexora_sale_order,group_nexora_user,1,1,1,1
access_nexora_sale_order_line_user,nexora.sale.order.line user,model_nexora_sale_order_line,group_nexora_user,1,1,1,1
access_nexora_purchase_order_user,nexora.purchase.order user,model_nexora_purchase_order,group_nexora_user,1,0,0,0
access_nexora_purchase_order_line_user,nexora.purchase.order.line user,model_nexora_purchase_order_line,group_nexora_user,1,0,0,0
access_nexora_warehouse_user,nexora.warehouse user,model_nexora_warehouse,group_nexora_user,1,0,0,0
access_nexora_location_user,nexora.location user,model_nexora_location,group_nexora_user,1,0,0,0
access_nexora_stock_move_user,nexora.stock.move user,model_nexora_stock_move,group_nexora_user,1,0,0,0
access_nexora_bom_user,nexora.bom user,model_nexora_bom,group_nexora_user,1,0,0,0
access_nexora_bom_line_user,nexora.bom.line user,model_nexora_bom_line,group_nexora_user,1,0,0,0
access_nexora_production_line_user,nexora.production.line user,model_nexora_production_line,group_nexora_user,1,0,0,0
access_nexora_manufacturing_order_user,nexora.manufacturing.order user,model_nexora_manufacturing_order,group_nexora_user,1,0,0,0
access_nexora_employee_user,nexora.employee user,model_nexora_employee,group_nexora_user,1,0,0,0
access_nexora_department_user,nexora.department user,model_nexora_department,group_nexora_user,1,0,0,0
access_nexora_customer_sales,nexora.customer sales,model_nexora_customer,group_nexora_sales_manager,1,1,1,1
access_nexora_customer_type_sales,nexora.customer.type sales,model_nexora_customer_type,group_nexora_sales_manager,1,1,1,1
access_nexora_sale_order_sales,nexora.sale.order sales,model_nexora_sale_order,group_nexora_sales_manager,1,1,1,1
access_nexora_sale_order_line_sales,nexora.sale.order.line sales,model_nexora_sale_order_line,group_nexora_sales_manager,1,1,1,1
access_nexora_product_sales,nexora.product sales,model_nexora_product,group_nexora_sales_manager,1,1,1,1
access_nexora_product_category_sales,nexora.product.category sales,model_nexora_product_category,group_nexora_sales_manager,1,1,1,1
access_nexora_product_type_sales,nexora.product.type sales,model_nexora_product_type,group_nexora_sales_manager,1,1,1,1
access_nexora_material_sales,nexora.material sales,model_nexora_material,group_nexora_sales_manager,1,1,1,1
access_nexora_printing_type_sales,nexora.printing.type sales,model_nexora_printing_type,group_nexora_sales_manager,1,1,1,1
access_nexora_printing_option_sales,nexora.printing.option sales,model_nexora_printing_option,group_nexora_sales_manager,1,1,1,1
access_nexora_purchase_order_production,nexora.purchase.order production,model_nexora_purchase_order,group_nexora_production_manager,1,1,1,1
access_nexora_purchase_order_line_production,nexora.purchase.order.line production,model_nexora_purchase_order_line,group_nexora_production_manager,1,1,1,1
access_nexora_vendor_production,nexora.vendor production,model_nexora_vendor,group_nexora_production_manager,1,1,1,1
access_nexora_vendor_category_production,nexora.vendor.category production,model_nexora_vendor_category,group_nexora_production_manager,1,1,1,1
access_nexora_warehouse_production,nexora.warehouse production,model_nexora_warehouse,group_nexora_production_manager,1,1,1,1
access_nexora_location_production,nexora.location production,model_nexora_location,group_nexora_production_manager,1,1,1,1
access_nexora_stock_move_production,nexora.stock.move production,model_nexora_stock_move,group_nexora_production_manager,1,1,1,1
access_nexora_bom_production,nexora.bom production,model_nexora_bom,group_nexora_production_manager,1,1,1,1
access_nexora_bom_line_production,nexora.bom.line production,model_nexora_bom_line,group_nexora_production_manager,1,1,1,1
access_nexora_production_line_production,nexora.production.line production,model_nexora_production_line,group_nexora_production_manager,1,1,1,1
access_nexora_manufacturing_order_production,nexora.manufacturing.order production,model_nexora_manufacturing_order,group_nexora_production_manager,1,1,1,1
access_nexora_product_production,nexora.product production,model_nexora_product,group_nexora_production_manager,1,1,1,0
access_nexora_product_category_admin,nexora.product.category admin,model_nexora_product_category,group_nexora_admin,1,1,1,1
access_nexora_product_type_admin,nexora.product.type admin,model_nexora_product_type,group_nexora_admin,1,1,1,1
access_nexora_material_admin,nexora.material admin,model_nexora_material,group_nexora_admin,1,1,1,1
access_nexora_product_admin,nexora.product admin,model_nexora_product,group_nexora_admin,1,1,1,1
access_nexora_printing_type_admin,nexora.printing.type admin,model_nexora_printing_type,group_nexora_admin,1,1,1,1
access_nexora_printing_option_admin,nexora.printing.option admin,model_nexora_printing_option,group_nexora_admin,1,1,1,1
access_nexora_customer_type_admin,nexora.customer.type admin,model_nexora_customer_type,group_nexora_admin,1,1,1,1
access_nexora_customer_admin,nexora.customer admin,model_nexora_customer,group_nexora_admin,1,1,1,1
access_nexora_vendor_category_admin,nexora.vendor.category admin,model_nexora_vendor_category,group_nexora_admin,1,1,1,1
access_nexora_vendor_admin,nexora.vendor admin,model_nexora_vendor,group_nexora_admin,1,1,1,1
access_nexora_sale_order_admin,nexora.sale.order admin,model_nexora_sale_order,group_nexora_admin,1,1,1,1
access_nexora_sale_order_line_admin,nexora.sale.order.line admin,model_nexora_sale_order_line,group_nexora_admin,1,1,1,1
access_nexora_purchase_order_admin,nexora.purchase.order admin,model_nexora_purchase_order,group_nexora_admin,1,1,1,1
access_nexora_purchase_order_line_admin,nexora.purchase.order.line admin,model_nexora_purchase_order_line,group_nexora_admin,1,1,1,1
access_nexora_warehouse_admin,nexora.warehouse admin,model_nexora_warehouse,group_nexora_admin,1,1,1,1
access_nexora_location_admin,nexora.location admin,model_nexora_location,group_nexora_admin,1,1,1,1
access_nexora_stock_move_admin,nexora.stock.move admin,model_nexora_stock_move,group_nexora_admin,1,1,1,1
access_nexora_bom_admin,nexora.bom admin,model_nexora_bom,group_nexora_admin,1,1,1,1
access_nexora_bom_line_admin,nexora.bom.line admin,model_nexora_bom_line,group_nexora_admin,1,1,1,1
access_nexora_production_line_admin,nexora.production.line admin,model_nexora_production_line,group_nexora_admin,1,1,1,1
access_nexora_manufacturing_order_admin,nexora.manufacturing.order admin,model_nexora_manufacturing_order,group_nexora_admin,1,1,1,1
access_nexora_employee_admin,nexora.employee admin,model_nexora_employee,group_nexora_admin,1,1,1,1
access_nexora_department_admin,nexora.department admin,model_nexora_department,group_nexora_admin,1,1,1,1
access_nexora_stock_report_wizard_user,nexora.stock.report.wizard user,model_nexora_stock_report_wizard,group_nexora_user,1,1,1,1
